Eldredge,eyarwood0@nifty.com,Male
Holt,hlube1@senate.gov,Male
Flemming,fedinboro2@cbsnews.com,Male
Jamima,jmoores3@nydailynews.com,Female
Isidor,imeni4@noaa.gov,Male
Bettye,btallboy5@weather.com,Female
Duffy,dmyrtle6@chronoengine.com,Male
Renado,rshrubshall7@hostgator.com,Male
Ofelia,okrop8@mlb.com,Female
Dedra,dmccotter9@si.edu,Female
Thibaut,tbrahmsa@mediafire.com,Male
Eduardo,eoronanb@mtv.com,Male
Giffy,glawlandc@state.tx.us,Male
Binnie,bjaqueminetd@jalbum.net,Female
Sallee,svarnhame@engadget.com,Female
Ashlin,aoenf@yahoo.com,Male
Faber,fbalstoneg@nhs.uk,Bigender
Damara,dcathroh@xing.com,Polygender
Virgilio,vbickerstaffi@bluehost.com,Polygender
Doe,dhunnj@marketwatch.com,Female
Shaw,sdouldenk@unblog.fr,Genderfluid
Maurits,mpetherickl@webmd.com,Male
Chan,cgoverm@vimeo.com,Male
Adlai,airvinen@sourceforge.net,Male
Washington,wmurricaneso@unesco.org,Male
Mozes,mdavidgep@cpanel.net,Male
Gunther,ghamiltonq@yahoo.com,Genderqueer
Kinsley,kdmytrykr@narod.ru,Male
Davidde,dgraddons@mtv.com,Agender
Eudora,emclagant@ask.com,Female
Brittni,bbeinckenu@amazon.co.jp,Female
Rena,rhilleyv@oracle.com,Agender
Lulita,lhardanw@xinhuanet.com,Female
Xever,xcotesx@apache.org,Male
Toby,tscorthorney@ucsd.edu,Male
Griffy,gedlynez@census.gov,Male
Donalt,ddeavin10@slashdot.org,Male
Guilbert,ggrestie11@dropbox.com,Male
Ferdinanda,fdonlon12@tripod.com,Female
Josee,jlearman13@cargocollective.com,Female
Aliza,ajacobsohn14@aboutads.info,Female
Kissee,kmaleby15@mysql.com,Female
Sherrie,sbenkin16@artisteer.com,Female
Margeaux,mlillford17@patch.com,Female
Chelsea,cwitch18@shop-pro.jp,Female
Bettina,bbompass19@sakura.ne.jp,Female
Rory,rmcindoe1a@wiley.com,Bigender
Alene,amcnirlin1b@wsj.com,Female
Levy,lcrook1c@people.com.cn,Male
Puff,pbroyd1d@marketwatch.com,Male
Melisandra,mwooton1e@netlog.com,Female
Shandee,shurles1f@a8.net,Female
Oswald,opetrosian1g@dmoz.org,Male
Shannah,sskevington1h@marketwatch.com,Female
Nels,ndaburn1i@dedecms.com,Male
Jasen,jselwyne1j@usatoday.com,Polygender
Mela,mjephson1k@wix.com,Female
Hayden,hguichard1l@amazon.de,Male
Moe,mallitt1m@whitehouse.gov,Male
Martita,mkerfod1n@wp.com,Female
Ethelred,ecisar1o@sourceforge.net,Male
Preston,psumers1p@virginia.edu,Male
Mozes,mpetrov1q@washingtonpost.com,Male
Amye,ahupe1r@indiegogo.com,Genderqueer
Emlynn,eboatwright1s@unesco.org,Agender
Gav,goloman1t@amazon.de,Male
Stevena,schoake1u@dion.ne.jp,Female
Beulah,bmyner1v@alexa.com,Female
Remy,rbaldry1w@gmpg.org,Female
Simone,sbrunsden1x@reuters.com,Female
Annalise,akelloway1y@aboutads.info,Female
Rania,rswatradge1z@tumblr.com,Female
Tabitha,tduding20@clickbank.net,Female
Gerri,gheijne21@bandcamp.com,Male
Sherrie,smuston22@wp.com,Genderqueer
Ogdon,omackriell23@wordpress.com,Male
Humbert,hpexton24@example.com,Male
Oby,ocurado25@t-online.de,Male
Freddy,fbrushfield26@ocn.ne.jp,Female
Datha,dwaszkiewicz27@skype.com,Female
Denna,deilert28@comcast.net,Female
Erv,ehowett29@ning.com,Male
Anatola,asinclar2a@cbsnews.com,Female
Wenda,wperell2b@fotki.com,Female
Magnum,mdeere2c@globo.com,Male
Charlotte,cjohannes2d@mtv.com,Agender
Henry,hdunkerley2e@dailymail.co.uk,Male
Andrea,aducker2f@whitehouse.gov,Female
Meghan,mchurchman2g@cargocollective.com,Female
Abramo,arihosek2h@typepad.com,Male
Evelina,elanceley2i@cdc.gov,Female
Alysa,afeighney2j@miibeian.gov.cn,Female
Lucius,lhannond2k@nyu.edu,Male
Witty,waberkirder2l@globo.com,Male
Marlyn,mminchi2m@freewebs.com,Female
Lora,lrowsell2n@ow.ly,Female
Renault,rthamelt2o@telegraph.co.uk,Male
Joni,jsposito2p@goo.gl,Female
Adlai,atorald2q@google.pl,Male
Annalee,abrechin2r@opera.com,Female
Drusi,dneeds2s@zdnet.com,Female
Gregor,gsorbie2t@dagondesign.com,Male
Tamara,tdevaux2u@cdbaby.com,Female
Roderigo,rsains2v@auda.org.au,Male
Reginald,rjanosevic2w@adobe.com,Male
Finn,fcaze2x@amazon.co.jp,Male
Joanne,jasif2y@blog.com,Female
Merralee,mpallaske2z@symantec.com,Female
Corina,crunnett30@constantcontact.com,Female
Yves,ylofty31@theguardian.com,Male
Gerri,gdetoc32@naver.com,Male
Flynn,froussell33@nydailynews.com,Male
Kial,kquipp34@mapy.cz,Bigender
Hill,hgiraudo35@telegraph.co.uk,Male
Jonis,jjosefsohn36@barnesandnoble.com,Female
Valenka,vblundel37@foxnews.com,Genderqueer
Jessamine,jtilston38@omniture.com,Female
Guendolen,gkorf39@mail.ru,Female
Darin,dkingshott3a@vk.com,Male
Peri,pdragoe3b@people.com.cn,Female
Noach,ndevanney3c@twitpic.com,Male
Nikolas,ndomanski3d@tumblr.com,Male
Kareem,kbewsey3e@pcworld.com,Male
Ottilie,ovanichev3f@github.com,Female
Aland,amarrett3g@mapquest.com,Male
Antonin,aprobin3h@amazon.de,Male
Sax,sohengerty3i@github.io,Male
Raleigh,rpetrak3j@blogs.com,Male
Kayley,kfibbitts3k@zdnet.com,Female
Harley,hkynnd3l@liveinternet.ru,Female
Elisabetta,eswatman3m@addthis.com,Agender
Max,messberger3n@google.co.uk,Male
Haskel,hcallister3o@senate.gov,Male
Patrica,pfretwell3p@bing.com,Female
North,ngregori3q@themeforest.net,Male
Lia,lbiasi3r@omniture.com,Female
Matthus,mbazire3s@japanpost.jp,Male
Alta,aamyes3t@yellowbook.com,Female
Fanechka,febbrell3u@infoseek.co.jp,Agender
Isidro,ieim3v@merriam-webster.com,Male
Marci,mdibdin3w@i2i.jp,Female
Gipsy,gsappell3x@un.org,Female
Lulita,lpaylie3y@harvard.edu,Female
Farlay,fcarden3z@creativecommons.org,Male
Lois,lipsley40@nifty.com,Female
Halsy,hlanfare41@people.com.cn,Male
Kerr,kwolland42@mit.edu,Male
Emmi,equadri43@msu.edu,Female
Blinnie,bsalvage44@indiegogo.com,Genderqueer
Uriah,ubroadist45@about.com,Male
Mahmud,mwybern46@cyberchimps.com,Male
Krista,kbedbury47@ebay.com,Female
Annnora,adace48@wiley.com,Female
Nobe,nharrop49@sciencedirect.com,Male
Timoteo,tambridge4a@netvibes.com,Male
Harrietta,hfruin4b@paypal.com,Female
Wynn,wdarnbrough4c@cafepress.com,Female
Verney,vvidgen4d@ft.com,Male
Willis,wbalma4e@exblog.jp,Male
Bobbi,bhaily4f@homestead.com,Female
Gerda,gstrood4g@yelp.com,Female
Eliza,ecomellini4h@amazonaws.com,Female
Gregorius,gburborough4i@nytimes.com,Male
Ragnar,rcanete4j@who.int,Male
Cass,cgillott4k@narod.ru,Female
Carroll,cshingfield4l@sogou.com,Male
Brandais,bmckeveney4m@printfriendly.com,Female
Geraldine,gcoat4n@japanpost.jp,Female
Jami,jbowld4o@amazon.com,Female
Forest,fmatzen4p@tmall.com,Male
Karee,kfilochov4q@slashdot.org,Polygender
Gabbey,gpicott4r@engadget.com,Female
Paule,psignoret4s@admin.ch,Female
Orson,omilington4t@flavors.me,Male
Remy,rashborn4u@cpanel.net,Female
Corabel,ctybalt4v@rakuten.co.jp,Female
Emlynn,ehenriksson4w@npr.org,Female
Sal,sloughton4x@github.io,Male
Aimee,anapier4y@delicious.com,Female
Angel,atanman4z@answers.com,Male
Creigh,cdarragh50@princeton.edu,Male
Terri,tclemintoni51@ezinearticles.com,Male
Alaine,ajanning52@about.com,Female
Aviva,alaneham53@bravesites.com,Female
Melinde,mvowden54@businesswire.com,Bigender
Rufe,rhumberston55@cbc.ca,Male
Bradly,bbarenski56@dell.com,Male
Alon,aspong57@disqus.com,Male
Corbet,cgouch58@businessweek.com,Male
Christi,cplummer59@howstuffworks.com,Female
Bessy,bgullefant5a@alexa.com,Female
Tommie,toldacre5b@umich.edu,Female
Kelci,kbeauvais5c@berkeley.edu,Female
Ulrick,ucummungs5d@netscape.com,Male
Boyce,bleathwood5e@simplemachines.org,Male
Odelinda,oeldon5f@ocn.ne.jp,Female
Mirabella,mgullam5g@naver.com,Female
Harley,hverillo5h@tamu.edu,Male
Arly,areis5i@scribd.com,Non-binary
Violet,vhamberstone5j@whitehouse.gov,Female
Rheta,rcutting5k@wix.com,Female
Virge,vdundon5l@e-recht24.de,Male
Earle,epottage5m@time.com,Male
Howie,hanthoney5n@miitbeian.gov.cn,Male
Betsey,bshallo5o@nytimes.com,Female
Johannes,jschoenrock5p@mtv.com,Genderqueer
Billy,bgeraldi5q@odnoklassniki.ru,Female
Ford,forchard5r@springer.com,Male
Sigfried,smusgrave5s@senate.gov,Genderfluid
Selig,srubroe5t@yolasite.com,Male
Jori,jcotte5u@cbc.ca,Non-binary
Mirabella,mpavlovsky5v@blogs.com,Female
Spike,sleestut5w@shutterfly.com,Male
Shawn,stejada5x@unblog.fr,Female
Gates,gwaterland5y@blogs.com,Non-binary
Celene,cdurrand5z@reverbnation.com,Female
Tommy,tegle60@icq.com,Female
Jade,jblaxill61@nasa.gov,Female
Ulrika,umulvey62@squidoo.com,Female
Correy,csifleet63@about.com,Male
Sly,sdixey64@de.vu,Male
Currey,cpither65@youtube.com,Male
Clemente,cfishleigh66@woothemes.com,Male
Darcy,dhatzar67@edublogs.org,Male
Ingar,ibuttery68@craigslist.org,Bigender
Celestia,civankovic69@craigslist.org,Female
Hort,hewing6a@surveymonkey.com,Male
Adda,aeste6b@360.cn,Female
Chick,cbaly6c@hugedomains.com,Male
Mollie,mkeats6d@instagram.com,Female
Bale,bpettitt6e@odnoklassniki.ru,Male
Laverna,lmatyatin6f@oracle.com,Female
Nicoline,nfahey6g@topsy.com,Female
Margaretha,mbunclark6h@friendfeed.com,Female
Georgie,ggutridge6i@lulu.com,Male
Waly,wmoss6j@macromedia.com,Female
Hamlen,hlissett6k@friendfeed.com,Male
Philly,pdeboo6l@angelfire.com,Female
Dennis,dgarvie6m@mediafire.com,Male
Paolo,pjowett6n@dell.com,Male
Gregoor,gradcliffe6o@clickbank.net,Male
Cristie,cmoxted6p@flavors.me,Female
Eleni,econcannon6q@yandex.ru,Female
Hyacintha,hmcgrill6r@1688.com,Agender
Raddy,rsidebotham6s@github.io,Male
Arabelle,alax6t@seesaa.net,Non-binary
Corabelle,chynard6u@amazon.co.uk,Female
Tina,tfriedank6v@boston.com,Female
Benni,bquig6w@woothemes.com,Genderfluid
Joshua,jvane6x@nsw.gov.au,Male
Corrie,comand6y@si.edu,Genderqueer
Anett,akitchinghan6z@blogger.com,Female
Ira,iyorston70@pen.io,Female
Conroy,cpearle71@smugmug.com,Male
Harper,hoveral72@twitter.com,Male
Timofei,tferrers73@ftc.gov,Male
Louie,lautie74@etsy.com,Male
Kristyn,khanselman75@samsung.com,Female
Horacio,hmelloi76@youtube.com,Male
Heidie,hflecknell77@uiuc.edu,Female
Logan,locoskerry78@boston.com,Male
Adolphus,abetchley79@soup.io,Male
Melody,mkendle7a@ehow.com,Female
Herbert,hpabel7b@paypal.com,Male
Desmund,dbowbrick7c@devhub.com,Male
Austin,atrumper7d@reference.com,Male
Harmonia,hobeney7e@yandex.ru,Female
Felike,fmcfadzean7f@mtv.com,Male
Cassy,cfabb7g@independent.co.uk,Female
Isa,ilynett7h@addtoany.com,Male
Bertha,bdeakins7i@weebly.com,Female
Lissi,lmarrion7j@sun.com,Female
Andrea,aroke7k@japanpost.jp,Female
Geoffrey,gkehri7l@phoca.cz,Male
Reinald,rkoeppke7m@topsy.com,Male
Anthony,aschneidar7n@pinterest.com,Male
Normie,nrawstron7o@smh.com.au,Male
Bevin,bbrandts7p@disqus.com,Male
Lucilia,ljuste7q@hud.gov,Female
Dael,dbrownsea7r@about.com,Male
Almire,ainchan7s@chron.com,Female
Sylvia,scolleer7t@usatoday.com,Female
Myrilla,mtempleman7u@feedburner.com,Female
Bernardina,bfieldhouse7v@soundcloud.com,Female
Antoni,acantopher7w@sitemeter.com,Male
Abdel,aseaman7x@edublogs.org,Male
Kit,kbalding7y@patch.com,Male
Ginger,gtolliday7z@reverbnation.com,Female
Alex,amachin80@mediafire.com,Male
Judie,jsilverman81@privacy.gov.au,Female
Ricoriki,rswindin82@jigsy.com,Male
Maxie,mfarrin83@wufoo.com,Male
Inga,icadle84@state.tx.us,Female
Morty,mbunce85@slideshare.net,Male
Spence,ssolly86@thetimes.co.uk,Male
Shea,slicciardello87@dyndns.org,Genderqueer
Virgie,vbrave88@telegraph.co.uk,Male
Emmet,ebendtsen89@etsy.com,Male
Schuyler,ssheal8a@earthlink.net,Male
Ellsworth,eyardley8b@gizmodo.com,Male
Tait,tbridgens8c@xing.com,Male
Kim,kdavidove8d@sitemeter.com,Female
Edd,egores8e@apple.com,Male
Filmore,fselway8f@tripod.com,Male
Valentin,vlowsely8g@reference.com,Male
Charmain,cdorot8h@drupal.org,Female
Yoshi,yeagell8i@yelp.com,Female
Adena,aheaselgrave8j@virginia.edu,Female
Arch,aworg8k@clickbank.net,Male
Alano,agoodsell8l@bbc.co.uk,Male
Matt,mboyford8m@xing.com,Genderfluid
Brew,bperree8n@studiopress.com,Male
Miran,mnicolls8o@statcounter.com,Female
Jacquetta,jghiriardelli8p@mapy.cz,Female
Arlin,asherwyn8q@flickr.com,Male
Florie,fshutte8r@samsung.com,Female
Galven,galmond8s@list-manage.com,Male
Odelinda,oproom8t@army.mil,Female
Parsifal,pwife8u@newyorker.com,Male
Hazel,hfiddeman8v@chronoengine.com,Female
Anneliese,ajuris8w@360.cn,Female
Rich,rchattington8x@webs.com,Male
Miller,mwillford8y@desdev.cn,Male
Sarette,smulcaster8z@freewebs.com,Female
Ramsey,rmccrae90@guardian.co.uk,Male
Salomon,swort91@vistaprint.com,Male
Gilda,ghickisson92@marriott.com,Female
Lammond,ldowman93@hatena.ne.jp,Male
Osbert,omordin94@canalblog.com,Male
Judas,jcarradice95@adobe.com,Polygender
Georgena,gdymond96@nsw.gov.au,Female
Bea,bhumphries97@odnoklassniki.ru,Female
Zeb,zcherry98@howstuffworks.com,Male
Bourke,bpullman99@ehow.com,Male
Janina,joconcannon9a@google.nl,Female
Casi,cknobell9b@goo.gl,Female
Robinetta,rsandbach9c@wsj.com,Female
Teodoro,tthickpenny9d@msu.edu,Male
Delia,dstainland9e@themeforest.net,Female
Cornell,cbakeup9f@yandex.ru,Male
Florian,ffilipputti9g@telegraph.co.uk,Male
Devy,dpeers9h@parallels.com,Male
Coriss,cmyhan9i@blogtalkradio.com,Female
Loretta,lbromont9j@example.com,Female
Sheela,sgrabham9k@reference.com,Female
Lexine,lheadland9l@weibo.com,Agender
Luci,lmiskimmon9m@yellowbook.com,Female
Ivette,idoby9n@webeden.co.uk,Female
Tymon,tcapeling9o@tiny.cc,Male
Moore,mphillps9p@liveinternet.ru,Male
Bertha,bhillen9q@census.gov,Female
Elyse,ebruno9r@youku.com,Female
Chet,clynn9s@europa.eu,Male
Onfroi,oduignan9t@wordpress.org,Male
Bill,bleynton9u@goodreads.com,Polygender
Ange,amaccomiskey9v@newyorker.com,Male
Gianna,gstanford9w@ca.gov,Female
Ingaborg,imcgrae9x@live.com,Non-binary
Laurel,lscotts9y@craigslist.org,Female
Fredi,fmawford9z@alexa.com,Female
Rosene,rtailoura0@businessweek.com,Female
Nanette,ngirardeaua1@cargocollective.com,Female
Adelice,adrewella2@opera.com,Female
David,dpettingalla3@wired.com,Male
Atalanta,akubasa4@bigcartel.com,Female
Geoffrey,gjanaceka5@list-manage.com,Male
Doria,daylmera6@google.es,Female
Glen,ggerrietsa7@mapquest.com,Female
Diana,dstaresa8@weather.com,Female
Benedict,bbeckinsalea9@blogs.com,Male
Adrian,ariepelaa@constantcontact.com,Male
Jesse,jgullandab@cnbc.com,Female
Nessy,nhaigac@eventbrite.com,Genderfluid
Eadith,eschuchmacherad@about.me,Female
Cornall,cwisdomae@istockphoto.com,Male
Kim,kbullonaf@oakley.com,Male
Ki,ksurgeonag@admin.ch,Female
Magnum,mdownerah@bandcamp.com,Male
Skell,srissomai@time.com,Male
Faber,fashmoleaj@marketwatch.com,Male
Lucila,lduffellak@dailymail.co.uk,Female
Orelle,oscudamoreal@census.gov,Female
Lurleen,lisackeam@theatlantic.com,Female
Erik,eshowenan@gizmodo.com,Male
Lucinda,lcarreckao@usgs.gov,Female
Teena,tlongboneap@patch.com,Female
Dilan,ddungeeaq@slashdot.org,Male
Dawna,ddunnar@printfriendly.com,Female
Dareen,dmassotas@jigsy.com,Female
Genevieve,gderrat@cloudflare.com,Female
Ferdinanda,fdavidovskyau@ocn.ne.jp,Female
Chelsea,cmckirdyav@rakuten.co.jp,Female
Uta,uscopesaw@friendfeed.com,Female
Sigfried,spickavantax@abc.net.au,Male
Tyne,tharmsay@reddit.com,Female
Findley,fcliffaz@wisc.edu,Agender
Mallory,mphillipsb0@pen.io,Female
Leese,lgoodrumb1@nhs.uk,Genderqueer
Mignon,marzub2@symantec.com,Female
Welbie,wpopleeb3@multiply.com,Male
Wayne,wgarteryb4@netvibes.com,Male
Francoise,fvalentinuzzib5@eepurl.com,Non-binary
Ly,lsearb6@prweb.com,Male
Devi,dmcilwrathb7@devhub.com,Female
Ginni,gmallamb8@washington.edu,Female
Katharyn,kmacveyb9@creativecommons.org,Agender
Madlin,msawdayba@usa.gov,Female
Lela,lborrettbb@reverbnation.com,Female
Paulette,pcrickmorebc@icio.us,Female
Matias,mbrocklehurstbd@cargocollective.com,Male
Livvy,lparcellbe@ocn.ne.jp,Genderqueer
Peyter,pbayldonbf@seesaa.net,Agender
Rolf,rrustadgebg@google.com.hk,Male
Starr,smulkerrinsbh@weather.com,Female
Alexei,alitelbi@shinystat.com,Male
Falkner,fcranidgebj@huffingtonpost.com,Male
Ashleigh,akefordbk@free.fr,Female
Lorenza,ltredwellbl@dagondesign.com,Non-binary
Eolande,ecawderybm@twitter.com,Female
Chalmers,ccatleybn@microsoft.com,Male
Yelena,ydrakesbo@hp.com,Female
Stanley,sfarbrotherbp@indiegogo.com,Male
Turner,thowgatebq@aol.com,Male
Egor,elangrickbr@spotify.com,Male
Martina,mmcnallybs@histats.com,Female
Almire,abourthouloumebt@amazon.co.uk,Female
Kira,kjunkinsonbu@smugmug.com,Female
Matti,mduffitbv@gizmodo.com,Female
Taddeo,tablettbw@mapy.cz,Male
Wendie,wbicebx@patch.com,Female
Cazzie,ctomaschkeby@hexun.com,Male
Ingaborg,ikinkeadbz@google.es,Female
Granger,geselc0@indiatimes.com,Male
Tomkin,tkonnekec1@nature.com,Genderfluid
Amelia,acholtonc2@archive.org,Female
Sunny,schalmersc3@furl.net,Male
Jamill,jmcmanusc4@wix.com,Male
Kathy,kvettorec5@wired.com,Female
Noel,npooleyc6@ucoz.com,Female
Tommie,tfrydc7@behance.net,Female
Jereme,jcarahc8@sohu.com,Male
Sinclare,sfoucardc9@sina.com.cn,Male
Florence,fpietranekca@netscape.com,Female
Pepito,pphilliskirkcb@exblog.jp,Male
Analise,aboggascc@yellowpages.com,Female
See,shakonssoncd@vkontakte.ru,Male
Maximilian,minderce@va.gov,Male
Chuck,cbykcf@answers.com,Male
Salli,shrihorovichcg@google.de,Female
Westley,wfallisch@engadget.com,Male
Fonsie,fcustyci@nyu.edu,Male
Titus,tthextoncj@sun.com,Male
Leeanne,lskellenck@dell.com,Female
Kevyn,kyukhincl@princeton.edu,Female
Carmencita,cboageycm@furl.net,Female
Mitzi,mblakestoncn@china.com.cn,Female
Pet,pocarneyco@squidoo.com,Female
Jemimah,jboeckecp@uiuc.edu,Female
Timmy,tmealingcq@usatoday.com,Male
Kurt,kkilloughcr@webeden.co.uk,Bigender
Vito,vrehncs@umn.edu,Male
Cally,cwenningtonct@biblegateway.com,Female
Odille,oenriquescu@issuu.com,Female
Lacie,lworvillcv@php.net,Female
Jose,jhagyardcw@springer.com,Male
Marshal,msweetingcx@dell.com,Male
Kele,krosenthalcy@php.net,Male
Tim,tshalderscz@diigo.com,Agender
Ewan,eburnessd0@forbes.com,Male
Albrecht,asedgeworthd1@businessinsider.com,Male
Miner,mwelbrockd2@free.fr,Agender
Bernetta,brewd3@utexas.edu,Female
Gerladina,gdalgettyd4@acquirethisname.com,Genderqueer
Clarey,cdutchburnd5@printfriendly.com,Genderfluid
Bette-ann,baylwind6@ucoz.ru,Female
L;urette,lgisbournd7@barnesandnoble.com,Bigender
Lindy,lyerrelld8@imageshack.us,Male
Virgil,vmackettd9@blogtalkradio.com,Male
Martelle,mmoreingda@state.gov,Non-binary
Hollis,harkindb@acquirethisname.com,Male
Matty,msedgedc@artisteer.com,Male
Ware,wdrewerydd@cbslocal.com,Male
Walsh,wcurromde@ted.com,Male
Woodie,wspavinsdf@mayoclinic.com,Male
Laryssa,lbuckleighdg@skype.com,Female
Harriet,hwolferdh@hao123.com,Female
Alric,amcilmorowdi@ox.ac.uk,Male
Conroy,cdowngatedj@virginia.edu,Male
Marylee,mbuckhurstdk@unesco.org,Female
Crawford,clelievredl@abc.net.au,Male
Anne-corinne,atimbydm@printfriendly.com,Non-binary
Shelia,scuzendn@bizjournals.com,Female
Tabby,teisikowitchdo@pinterest.com,Male
Vivianne,vheugeldp@bigcartel.com,Female
Kizzee,kgomandq@51.la,Genderqueer
Salmon,scuredelldr@mail.ru,Male
Mimi,mmattesds@accuweather.com,Female
Emogene,eosichevdt@shop-pro.jp,Female
Aguste,ajeannotdu@cmu.edu,Male
Gottfried,gjanesdv@multiply.com,Male
Orelle,ojoynesdw@live.com,Female
Gardie,gsheircliffedx@oakley.com,Male
Mathe,mwardleydy@technorati.com,Male
Lusa,lodoogandz@ucsd.edu,Female
Oren,ocomptone0@java.com,Male
Erhart,epriditte1@oakley.com,Male
Judith,jlambrechtse2@reverbnation.com,Female
Daphne,dbulforde3@behance.net,Female
Murdoch,mfleise4@va.gov,Male
Dare,dwatsame5@webeden.co.uk,Male
Myrilla,mcausbeye6@cbsnews.com,Female
Lucina,lorcase7@ted.com,Female
Kaine,kauchinlecke8@google.es,Male
Morse,mcrunkhorne9@harvard.edu,Male
Stefania,slevesleyea@dailymail.co.uk,Female
Phillie,phabenseb@java.com,Female
Agosto,adarwoodec@guardian.co.uk,Agender
Artemas,awolfeed@wunderground.com,Male
Brooke,bhaggarthee@privacy.gov.au,Female
Emmott,enovotnaef@symantec.com,Male
Latrina,lcrakereg@dmoz.org,Female
Antonetta,aiggoeh@ameblo.jp,Non-binary
Rudolfo,rhendrikseei@paypal.com,Male
Tanya,tolooneyej@jigsy.com,Genderqueer
Stefan,sgerckenek@drupal.org,Male
Klarrisa,kgoodredgeel@phpbb.com,Genderfluid
Keene,kdumingoem@squarespace.com,Male
Winifield,wlindmarken@fotki.com,Male
Rikki,rwoofeo@wp.com,Male
Lily,lsibbornep@answers.com,Female
Fransisco,fdudeneyeq@npr.org,Male
Clare,cstearneer@sourceforge.net,Female
Laurie,lhrinchenkoes@sitemeter.com,Female
Jade,jabateet@storify.com,Female
Melisa,mdisbreyeu@e-recht24.de,Female
Maxy,mrootsev@auda.org.au,Male
Nydia,njakubczykew@exblog.jp,Female
Remy,rroelofsenex@amazon.com,Female
Olag,ohulmeey@blinklist.com,Male
Maxwell,mboeterez@cnn.com,Male
Oliy,olinscottf0@rakuten.co.jp,Female
Jasmin,jloadsmanf1@apache.org,Female
Glenn,gannisf2@spotify.com,Female
Guthrey,gscudderf3@rambler.ru,Male
Dillie,dbartolicf4@hao123.com,Agender
Marten,mthurstancef5@list-manage.com,Male
Sergei,sjanikf6@yellowpages.com,Male
Maryrose,mblinkhornf7@census.gov,Female
Siegfried,sclarabutf8@blogger.com,Male
Marianne,mprobbinf9@dailymail.co.uk,Female
Sallie,shemphreyfa@geocities.com,Female
Brewster,bturnfb@wired.com,Male
Bessie,bmorfordfc@dailymotion.com,Female
Moise,marnowitzfd@deliciousdays.com,Male
Gawain,grobertellife@merriam-webster.com,Male
Carey,csperryff@cnn.com,Male
Avictor,acaldairoufg@theglobeandmail.com,Genderqueer
Jillian,jfilimorefh@discuz.net,Female
Luke,lwhildfi@csmonitor.com,Male
Christiano,cneweyfj@japanpost.jp,Male
Brice,bromaintfk@noaa.gov,Male
Hyacinthie,htrewinnardfl@vk.com,Female
Rubin,rfrobisherfm@mtv.com,Male
Brew,bruossfn@goo.ne.jp,Male
Manon,mmurisonfo@ning.com,Polygender
Sanford,stumbeltyfp@ted.com,Male
Cally,cstoffelsfq@senate.gov,Female
Kaila,ktottonfr@pbs.org,Female
Daloris,dcolliardfs@behance.net,Female
Pammi,ppoetzft@independent.co.uk,Female
Lauri,lhalbeardfu@un.org,Female
Ring,rwreathfv@sciencedirect.com,Male
Heath,hleathardfw@psu.edu,Female
Juan,jklehynfx@macromedia.com,Agender
Granville,gtrasslerfy@fastcompany.com,Male
Lorena,lbenasikfz@phoca.cz,Female
Florrie,fpietersg0@usatoday.com,Female
Marie-ann,msatcherg1@irs.gov,Genderfluid
Cherlyn,csimisterg2@sohu.com,Female
Beverlie,bgrabbg3@123-reg.co.uk,Female
Rusty,rrunnaclesg4@skyrock.com,Non-binary
Orion,ojowettg5@umn.edu,Male
Xenia,xcliffordg6@facebook.com,Female
Mandy,mrutiglianog7@alexa.com,Female
Nealy,nnevettg8@sbwire.com,Male
Geordie,gfrancescottig9@businessweek.com,Male
Kyla,krilstonga@weebly.com,Female
Christoph,crustegb@loc.gov,Male
Birch,bpakenhamgc@simplemachines.org,Male
Kimberley,kifflandgd@bloomberg.com,Polygender
Liana,lpfeifferge@usnews.com,Female
Karry,kdomenicogf@dot.gov,Female
Joli,jcollymoregg@mapquest.com,Female
Harv,hdelayglesiagh@ihg.com,Male
Jarrod,jgahagangi@unc.edu,Male
Jo-ann,jyeagj@4shared.com,Female
Krissie,khawksworthgk@storify.com,Female
Eldridge,emilroygl@uol.com.br,Male
Ed,erobertzgm@1und1.de,Male
Kimmi,karmourgn@bandcamp.com,Female
Syd,sdadswellgo@list-manage.com,Male
Norris,ncluderaygp@usda.gov,Male
Son,scastagnerigq@blog.com,Male
Devin,dwatkinsongr@yolasite.com,Female
Demetris,dpashbeegs@biglobe.ne.jp,Male
Lloyd,ldeetchgt@irs.gov,Male
Oliver,oscedallgu@arizona.edu,Male
Marie,mcramergv@java.com,Genderfluid
Izzy,imacalastergw@ted.com,Male
Shelley,sgambellgx@tamu.edu,Male
Quintana,qbeaconsallgy@cnn.com,Non-binary
Devan,dblenkirongz@moonfruit.com,Female
Huntlee,hgoacherh0@hp.com,Male
Buck,borfordh1@tiny.cc,Male
Humfrey,hdyneleyh2@ucla.edu,Male
Quent,qmendenhallh3@printfriendly.com,Male
Daryn,demelineh4@shutterfly.com,Genderfluid
Jennette,jbrookesh5@bandcamp.com,Female
Gertrud,gspellarh6@fda.gov,Female
Peyton,pdevaenh7@cnn.com,Male
Aldis,aleylandh8@microsoft.com,Male
Faulkner,fgurtonh9@redcross.org,Male
Adair,agavriellyha@cafepress.com,Male
Marylinda,mmacalasterhb@example.com,Female
Dillon,dgraysonhc@usnews.com,Male
Ronna,rwilcehd@nps.gov,Female
Bard,bcowndenhe@cnet.com,Male
Freeman,fdaggetthf@goo.gl,Male
Demetri,dleighhg@behance.net,Male
Egan,eklaassenshh@t.co,Male
Peadar,pstopperhi@dedecms.com,Male
Jaquith,jgrishakovhj@marriott.com,Female
Tait,ttwaitshk@skyrock.com,Male
Maynord,mconibearhl@elegantthemes.com,Male
Sela,smoyseyhm@pcworld.com,Female
Karen,khelliwellhn@scientificamerican.com,Female
Kora,khowardho@house.gov,Female
Trenna,tleatheshp@ed.gov,Female
Andy,acoldicotthq@reference.com,Agender
Isak,iquibellhr@nifty.com,Male
Drugi,dsurmeyerhs@sourceforge.net,Male
Vergil,vsommerlinght@github.io,Male
Kaja,kmarchbankhu@163.com,Female
Grantham,gathelstanhv@studiopress.com,Agender
Maximilian,mcreamerhw@a8.net,Male
Anthe,aeselerhx@thetimes.co.uk,Female
Grace,gsilverthornehy@weibo.com,Male
Elisha,epeddenhz@dagondesign.com,Polygender
Bealle,bsmalleyi0@goo.ne.jp,Male
Ardene,aciannii1@wikia.com,Female
Karrah,karmingeri2@example.com,Female
Alecia,aniesegeni3@seesaa.net,Female
Carlita,cnaptoni4@shop-pro.jp,Female
Vasilis,vkilmaryi5@oaic.gov.au,Male
Skip,stookeri6@yahoo.co.jp,Male
Brianne,bbergei7@flickr.com,Female
Rube,rfantoni8@nsw.gov.au,Male
Rickard,rdranfieldi9@ucsd.edu,Male
Nealy,nahlinia@dropbox.com,Polygender
Julian,jdominyib@cloudflare.com,Male
Anastassia,awilbyic@ed.gov,Female
Nelly,nmadrellid@reddit.com,Female
Alair,aricciardelliie@arstechnica.com,Male
Calypso,cmckeemanif@w3.org,Female
Cristal,cvankeevig@mozilla.org,Female
Alair,aduckitih@xrea.com,Male
Benni,bbainbridgeii@dell.com,Female
Emelita,ekrauzeij@a8.net,Female
Aurilia,agheorghescuik@alibaba.com,Female
Cleveland,chosbyil@blogger.com,Male
Edgard,eizkoviciim@over-blog.com,Male
Israel,ilanstonin@thetimes.co.uk,Male
Effie,ejersonio@newyorker.com,Female
Victoir,venserip@linkedin.com,Male
Aubert,ayesiq@yelp.com,Male
Brent,bberzinir@wisc.edu,Male
Cindy,cglencrosis@github.io,Female
Duff,dnapolioneit@smh.com.au,Male
Rosalynd,rocurraneiu@myspace.com,Female
Corbie,ckinzettiv@ehow.com,Polygender
Colline,calpsiw@fotki.com,Female
Brear,bcalvieix@sogou.com,Female
Desirae,ddoreiy@jimdo.com,Polygender
Lianne,lmartlandiz@ted.com,Female
Adam,ajamrowiczj0@miibeian.gov.cn,Male
Stephanus,sricciardellij1@hostgator.com,Male
Donn,dkovacsj2@umn.edu,Male
Renelle,rjinkinj3@seesaa.net,Genderqueer
Noland,nlamanbyj4@bizjournals.com,Genderqueer
Mildrid,mjoerningj5@dropbox.com,Female
Keelby,kcaviej6@noaa.gov,Male
Judy,jfritchleyj7@hud.gov,Female
Fayre,fdumberrillj8@symantec.com,Female
Ira,ilelievrej9@bbc.co.uk,Non-binary
Linc,lmulheronja@uiuc.edu,Male
Nadean,ncrosejb@freewebs.com,Genderqueer
Felita,fhenburyjc@tuttocitta.it,Female
Sallyann,sokeavenyjd@amazonaws.com,Genderqueer
Vail,vtamburije@usnews.com,Male
Niki,nlangshawjf@quantcast.com,Female
Dorice,darnaldyjg@prlog.org,Polygender
Munmro,mpeskettjh@jimdo.com,Male
Jeniffer,jmansellji@apache.org,Female
Georgia,gmariaudjj@printfriendly.com,Female
Randie,rbrocklesbyjk@forbes.com,Male
Maryrose,mwidmoorjl@cloudflare.com,Female
Gonzales,gtreacherjm@upenn.edu,Male
Trev,tbrayfieldjn@sogou.com,Male
Sydney,spellmanjo@topsy.com,Male
Hazel,hgrigorievjp@ted.com,Male
Yolanthe,ymallabonjq@vimeo.com,Female
Lacee,lmurthwaitejr@edublogs.org,Female
Faunie,fhalpinjs@ftc.gov,Female
Titus,tbruslejt@china.com.cn,Male
Agnese,aquinetju@businesswire.com,Polygender
Clovis,cscandwrightjv@admin.ch,Female
Francois,foleszczakjw@smugmug.com,Non-binary
Eugenie,elamartinejx@economist.com,Female
Amelie,aarnlijy@netscape.com,Non-binary
Laverne,lrendbaekjz@google.it,Female
Athena,acolquytek0@java.com,Female
Welbie,wvasilevichk1@washingtonpost.com,Male
Sherwin,selfittk2@addtoany.com,Male
Camila,cmccrowk3@1688.com,Female
Jojo,jschleswigholsteink4@foxnews.com,Female
Ebony,ephliponk5@istockphoto.com,Female
Bennett,bhemmingwayk6@canalblog.com,Male
Kinny,kkinkeadk7@sourceforge.net,Male
Nevile,nwashk8@elpais.com,Male
Woody,wabadamk9@samsung.com,Male
Roger,rlamanbyka@wired.com,Male
Agneta,acastagnekb@disqus.com,Female
Jarret,jlineskc@e-recht24.de,Male
Orton,ocoppinskd@hao123.com,Male
Ariana,aglazyerke@uol.com.br,Female
Berky,bmourgekf@huffingtonpost.com,Male
Albina,aoleszcukkg@dion.ne.jp,Female
Gabi,gsacherkh@hud.gov,Male
Titos,tmorlingki@prnewswire.com,Male
Robinson,rwesleykj@comcast.net,Male
Alikee,aleipoldkk@qq.com,Female
Mohandis,mdeelaykl@woothemes.com,Male
Sabra,shunnablekm@spotify.com,Female
Luke,lcrisellkn@mapy.cz,Male
Aubert,agunstoneko@dedecms.com,Male
Niki,ntatnellkp@ibm.com,Male
Izaak,ibergstramkq@printfriendly.com,Male
Sheffield,sconstantinekr@ed.gov,Male
Leon,lpyperks@buzzfeed.com,Non-binary
Alleyn,awillkt@de.vu,Male
Dusty,dsillwoodku@apple.com,Female
Walther,wcatlettekv@qq.com,Male
Tammy,tommundsenkw@nature.com,Male
Cassey,cmassotkx@prlog.org,Female
Obediah,onoadesky@virginia.edu,Male
Richmond,rgoeringkz@biglobe.ne.jp,Male
Peter,psiegel0@nasa.gov,Male
Milicent,mtaddl1@tripadvisor.com,Female
Delilah,dknibleyl2@nytimes.com,Female
Diannne,dfarrowl3@gmpg.org,Female
Titus,tfacchinil4@whitehouse.gov,Male
Matelda,mdeggl5@princeton.edu,Female
Hollyanne,hvalentettil6@geocities.com,Female
Penrod,pbradbrookl7@live.com,Male
Janeta,jyulel8@ycombinator.com,Female
Hillard,hkyntonl9@baidu.com,Male
Chicky,candreela@blogs.com,Male
Merwin,mfullelb@ycombinator.com,Male
Denis,dhamlylc@cmu.edu,Male
Claudell,cdunstallld@wikimedia.org,Male
Jazmin,jhallihanle@sciencedirect.com,Female
Raeann,rbartaklf@woothemes.com,Female
Marge,mhedmanlg@jigsy.com,Female
Brig,bsaffranlh@de.vu,Genderqueer
Maximilianus,mglackenli@cbc.ca,Male
Natal,nbomanlj@oracle.com,Male
Reece,ralsobrooklk@geocities.com,Male
Kerrill,kestcotll@trellian.com,Female
Georgianne,gmarlinglm@lulu.com,Female
Lindon,ljulianln@usnews.com,Male
Burton,bkearfordlo@hatena.ne.jp,Agender
Junie,jthibodeauxlp@odnoklassniki.ru,Female
Baxter,bgettenlq@nhs.uk,Male
Sunny,sbroschkelr@answers.com,Female
Rubin,rdavittils@pbs.org,Genderqueer
Carri,cgabellt@apple.com,Female
Allyson,atremontanalu@usgs.gov,Female
Lem,lfarrancelv@elpais.com,Male
Catherin,cleclairelw@youtu.be,Female
Bradney,bprickettlx@yelp.com,Male
Rip,rseintly@diigo.com,Male
Wylie,wadamowiczlz@miitbeian.gov.cn,Male
Humbert,hceillierm0@oaic.gov.au,Male
Delcine,dthornhillm1@umn.edu,Female
Christi,cbromidgem2@yelp.com,Female
Kienan,kolivetom3@msu.edu,Agender
Lindsey,lgwatkinm4@blogger.com,Non-binary
Stavros,sbettensonm5@1688.com,Male
Francisco,fmusprattm6@bluehost.com,Male
Gayler,gpidgeonm7@buzzfeed.com,Male
Erny,ecrellinm8@1und1.de,Male
Lester,ldolesm9@springer.com,Male
Jayme,jskermerma@wsj.com,Male
Ingamar,ihuthartmb@bizjournals.com,Male
Denys,dgronoumc@bing.com,Male
Keelia,kbushermd@google.com.br,Female
Elbertina,ebrimme@wsj.com,Female
Dulcea,dtuffleymf@pagesperso-orange.fr,Female
Idell,icowdraymg@earthlink.net,Female
Malory,mkiddellmh@walmart.com,Female
Lory,lhargittmi@angelfire.com,Female
Tawnya,twaldrammj@un.org,Female
Oliy,oconnuemk@vistaprint.com,Female
Lissa,lskevingtonml@usnews.com,Female
Ula,udallynmm@bbb.org,Female
Joelly,jdyersonmn@lulu.com,Polygender
Sayre,sromaninmo@jigsy.com,Male
Neely,nreddingsmp@yahoo.com,Female
Jonis,jdodgsonmq@eepurl.com,Genderfluid
Montgomery,mheffordmr@time.com,Male
Vitia,vrenforthms@gov.uk,Female
Clerkclaude,cbrannimt@imageshack.us,Male
Kamillah,kjanzmu@eepurl.com,Female
Tomi,ttwelvetreemv@epa.gov,Female
Maribeth,mscurlockmw@privacy.gov.au,Female
Eben,egoodfellowemx@163.com,Male
Lyn,lbradbrookmy@nationalgeographic.com,Male
Quentin,qberfootmz@prweb.com,Male
Evanne,edobbynn0@ezinearticles.com,Female
Gunter,gemmetn1@apple.com,Male
Melly,mrootsn2@dropbox.com,Female
Willi,wdunlean3@free.fr,Female
Adolf,alauritzenn4@blinklist.com,Male
Darrick,ddawdaryn5@amazon.com,Male
Wat,wdeknevetn6@odnoklassniki.ru,Male
Esmeralda,epanichellin7@nature.com,Female
Tremaine,tdaverann8@aol.com,Male
Dickie,dbarkusn9@ucoz.ru,Male
Fredia,fgrcicna@i2i.jp,Agender
Joanie,jmousernb@oaic.gov.au,Female
Elisabeth,emccoshnc@ihg.com,Female
Marthena,mpoughernd@github.io,Female
Dewitt,drettiene@google.nl,Male
Wilma,wlawfulnf@sogou.com,Female
Caitrin,cchallisng@typepad.com,Female
Erika,esaggnh@china.com.cn,Female
Rebekkah,rmeadowcroftni@fema.gov,Female
Ida,igrillsnj@umn.edu,Female
Imelda,ihammannk@accuweather.com,Female
Zaneta,zbilslandnl@hc360.com,Female
Reagen,rgoulbournenm@digg.com,Male
Eileen,ebinneynn@apple.com,Female
Benedetta,bgeraudelno@epa.gov,Female
Cristina,cdibaudinp@t-online.de,Female
Mandy,mberzinnq@bizjournals.com,Female
Beitris,bpickvancenr@reuters.com,Female
Alphonse,abancens@stanford.edu,Male
Reuven,riddiensnt@miitbeian.gov.cn,Male
Atlante,amcgeenu@japanpost.jp,Female
Wren,wtokleynv@github.io,Female
Hilly,hkingswoodnw@amazon.co.uk,Male
Kenyon,kcrutchnx@twitpic.com,Male
Berkly,btowseyny@sfgate.com,Male
Jeremie,jblackboroughnz@gizmodo.com,Male
Averill,ajedrychowskio0@last.fm,Male
Violette,vdebruino1@surveymonkey.com,Female
Sammy,smccomiskeyo2@google.cn,Male
Jaime,jcasso3@ed.gov,Female
Jordan,jnowello4@shutterfly.com,Male
Bev,bstreighto5@cdc.gov,Female
Axel,aquarlesso6@skype.com,Male
Huberto,hmccuddeno7@acquirethisname.com,Male
Enoch,echorltono8@amazon.co.uk,Male
Milicent,mlaughreno9@theguardian.com,Female
Elias,evelloa@hao123.com,Male
Lucas,lrentonob@cbslocal.com,Male
Lawton,llegrandoc@ucsd.edu,Male
Sutton,sblakemanod@unesco.org,Male
Sigvard,sbrittonoe@ucoz.ru,Male
Augusto,agrubbeof@biblegateway.com,Male
Ripley,rdorganog@sphinn.com,Male
Benedicto,beagleshamoh@moonfruit.com,Male
Guillemette,gbucknalloi@ebay.com,Female
Puff,pfulleoj@lulu.com,Male
Daniella,dfulkesok@macromedia.com,Female
Danell,dlantiffol@forbes.com,Female
Claybourne,cgrimesom@sina.com.cn,Male
Diana,dmorandoon@sourceforge.net,Female
Rhodie,rscardefieldoo@cbsnews.com,Genderqueer
Horatio,hfearnsideop@nasa.gov,Male
Frazier,fboddymeadoq@diigo.com,Male
Brenna,breckusor@biblegateway.com,Female
Glyn,gbasketteros@mozilla.com,Male
Morgen,mwigmoreot@4shared.com,Female
Celestia,cfraniesou@shareasale.com,Female
Loren,lmartineauov@admin.ch,Bigender
Pieter,pespositoow@freewebs.com,Male
Shannon,sletixierox@sourceforge.net,Male
Myer,mwillmotoy@netvibes.com,Male
Erick,eskyramoz@pagesperso-orange.fr,Male
Brent,bwatsonbrownp0@addthis.com,Male
Josias,jmcgawp1@meetup.com,Polygender
Kizzie,kvanderwaltp2@berkeley.edu,Female
Emlyn,eangrockp3@slideshare.net,Male
Gennifer,glacottep4@smh.com.au,Female
Dorise,dariasp5@sphinn.com,Non-binary
Marcile,mswafieldp6@goodreads.com,Female
Joeann,jmoylerp7@istockphoto.com,Female
Klarrisa,ksemarkp8@sina.com.cn,Female
Mason,mblurtonp9@de.vu,Male
Almira,agareisrpa@mashable.com,Female
Valerie,vrogeonpb@oracle.com,Female
Phillie,pashbornepc@statcounter.com,Female
Dennie,dtrowsdalepd@epa.gov,Male
Cris,chassewellpe@columbia.edu,Male
Lamar,lteodoripf@google.pl,Male
Aubrie,asproulpg@addtoany.com,Female
Gracie,gbickertonph@sun.com,Agender
Felizio,fmcelroypi@opensource.org,Male
Yanaton,yitzkovwichpj@biglobe.ne.jp,Male
Meir,mharrinsonpk@cornell.edu,Male
Hyacinth,hnafzigerpl@psu.edu,Female
Reinold,rgoudiepm@squarespace.com,Male
Worthington,wtathacottpn@mozilla.com,Male
Sheppard,swasielewiczpo@buzzfeed.com,Male
Georgette,gtourlepp@fc2.com,Female
Leticia,lrotherpq@shareasale.com,Female
Bobette,bbarghpr@reverbnation.com,Female
Timmie,tgrishechkinps@ameblo.jp,Male
Hoyt,hmottenpt@live.com,Male
Horace,hcarwithimpu@sakura.ne.jp,Male
Filmer,fmcaughtriepv@twitpic.com,Male
Marcia,mszapiropw@netvibes.com,Female
Gwenneth,gsabenpx@senate.gov,Polygender
Lurleen,llarrettpy@privacy.gov.au,Female
Reuben,rkingsnodepz@nih.gov,Male
Stanly,smuncasterq0@illinois.edu,Male
Vittorio,vchoppingq1@un.org,Male
Fairlie,fellerbyq2@yahoo.co.jp,Genderqueer
Margit,mnealeyq3@blog.com,Female
Gregorius,glowthorpeq4@nps.gov,Male
Teodor,tcreffieldq5@constantcontact.com,Male
Wilton,wmocklerq6@51.la,Male
Skipper,sraysonq7@hhs.gov,Male
Jehanna,jgainsfordq8@typepad.com,Female
Amberly,arickersyq9@biblegateway.com,Polygender
Andria,abanisterqa@springer.com,Female
Deina,dhentzeqb@jugem.jp,Female
Samson,sgrigorianqc@deliciousdays.com,Male
Deck,dgrzesiakqd@washingtonpost.com,Male
Nev,noscannillqe@unicef.org,Male
Emogene,eduellqf@nba.com,Polygender
Christiana,cesbrookqg@loc.gov,Non-binary
Sibylla,strippqh@addtoany.com,Female
Wendie,wcopcottqi@netscape.com,Female
Chauncey,cwilshereqj@un.org,Male
Stefano,skayleyqk@eventbrite.com,Male
Remington,rduckettql@mapy.cz,Male
Allyn,ashatliffqm@yellowbook.com,Male
Yves,ybinfordqn@cbc.ca,Bigender
Maje,mhabbemaqo@paginegialle.it,Non-binary
Gregor,gosboldstoneqp@sourceforge.net,Male
Marya,mstrotoneqq@com.com,Female
Leontine,lfrancisqr@state.gov,Female
Bari,bmivalqs@economist.com,Female
Sukey,sseamarkeqt@usnews.com,Female
Gaby,gnorreequ@shutterfly.com,Male
Lowe,lpletqv@phpbb.com,Male
Towny,tbartomieuqw@123-reg.co.uk,Male
Gregory,ghubbuckeqx@squidoo.com,Male
Chastity,cprugelqy@ning.com,Female
Sibilla,soughtonqz@webmd.com,Female
Lodovico,lrandallr0@facebook.com,Male
Gabriello,gblinermanr1@google.pl,Male
Sheeree,scowleyr2@google.de,Female
Melvyn,mevesr3@123-reg.co.uk,Male
Onofredo,obrizellr4@addtoany.com,Male
Dell,ddavidofr5@jigsy.com,Male
Cassie,cdouglasr6@arizona.edu,Female
Walker,wcysterr7@t.co,Male
Seward,sfrounksr8@blogger.com,Male
Philis,pfranzinir9@cnn.com,Female
Moritz,msinniera@pen.io,Male
Basile,bbendinrb@bravesites.com,Male
Dieter,dsidawayrc@bizjournals.com,Bigender
Steffen,smillardrd@adobe.com,Male
Davon,dkensittre@photobucket.com,Male
Stanford,ssysonrf@hexun.com,Male
Heloise,hartistrg@wunderground.com,Female
Vivien,vbothenrh@goo.gl,Female
Hurleigh,hsheavillsri@google.pl,Male
Kordula,kpicklessrj@privacy.gov.au,Female
Rollo,rkamiyamark@msu.edu,Male
Noah,njanaudrl@google.com.au,Male
Deeanne,dboeterrm@imageshack.us,Female
Ashley,adarceyrn@g.co,Male
Martica,mdishmanro@omniture.com,Female
Dallas,dgillbanksrp@prlog.org,Female
Eartha,erosanderrq@newyorker.com,Female
Ulysses,urubenfeldrr@dell.com,Male
